Statistical Indicators,Value
Init Loglikelihood,30.843292833481343
Final Loglikelihood,27.195930010153067
Rou Square,0.11825465079295783
AIC,-0.3918600203061331
